--
-- PostgreSQL database dump
--

-- Dumped from database version 12.12 (Ubuntu 12.12-0ubuntu0.20.04.1)
-- Dumped by pg_dump version 12.12 (Ubuntu 12.12-0ubuntu0.20.04.1)

SET statement_timeout = 0;
SET lock_timeout = 0;
SET idle_in_transaction_session_timeout = 0;
SET client_encoding = 'UTF8';
SET standard_conforming_strings = on;
SELECT pg_catalog.set_config('search_path', '', false);
SET check_function_bodies = false;
SET xmloption = content;
SET client_min_messages = warning;
SET row_security = off;

SET default_tablespace = '';

SET default_table_access_method = heap;

--
-- Name: auth_group; Type: TABLE; Schema: public; Owner: sammy
--

CREATE TABLE public.auth_group (
    id integer NOT NULL,
    name character varying(150) NOT NULL
);


ALTER TABLE public.auth_group OWNER TO sammy;

--
-- Name: auth_group_id_seq; Type: SEQUENCE; Schema: public; Owner: sammy
--

ALTER TABLE public.auth_group ALTER COLUMN id ADD GENERATED BY DEFAULT AS IDENTITY (
    SEQUENCE NAME public.auth_group_id_seq
    START WITH 1
    INCREMENT BY 1
    NO MINVALUE
    NO MAXVALUE
    CACHE 1
);


--
-- Name: auth_group_permissions; Type: TABLE; Schema: public; Owner: sammy
--

CREATE TABLE public.auth_group_permissions (
    id bigint NOT NULL,
    group_id integer NOT NULL,
    permission_id integer NOT NULL
);


ALTER TABLE public.auth_group_permissions OWNER TO sammy;

--
-- Name: auth_group_permissions_id_seq; Type: SEQUENCE; Schema: public; Owner: sammy
--

ALTER TABLE public.auth_group_permissions ALTER COLUMN id ADD GENERATED BY DEFAULT AS IDENTITY (
    SEQUENCE NAME public.auth_group_permissions_id_seq
    START WITH 1
    INCREMENT BY 1
    NO MINVALUE
    NO MAXVALUE
    CACHE 1
);


--
-- Name: auth_permission; Type: TABLE; Schema: public; Owner: sammy
--

CREATE TABLE public.auth_permission (
    id integer NOT NULL,
    name character varying(255) NOT NULL,
    content_type_id integer NOT NULL,
    codename character varying(100) NOT NULL
);


ALTER TABLE public.auth_permission OWNER TO sammy;

--
-- Name: auth_permission_id_seq; Type: SEQUENCE; Schema: public; Owner: sammy
--

ALTER TABLE public.auth_permission ALTER COLUMN id ADD GENERATED BY DEFAULT AS IDENTITY (
    SEQUENCE NAME public.auth_permission_id_seq
    START WITH 1
    INCREMENT BY 1
    NO MINVALUE
    NO MAXVALUE
    CACHE 1
);


--
-- Name: auth_user; Type: TABLE; Schema: public; Owner: sammy
--

CREATE TABLE public.auth_user (
    id integer NOT NULL,
    password character varying(128) NOT NULL,
    last_login timestamp with time zone,
    is_superuser boolean NOT NULL,
    username character varying(150) NOT NULL,
    first_name character varying(150) NOT NULL,
    last_name character varying(150) NOT NULL,
    email character varying(254) NOT NULL,
    is_staff boolean NOT NULL,
    is_active boolean NOT NULL,
    date_joined timestamp with time zone NOT NULL
);


ALTER TABLE public.auth_user OWNER TO sammy;

--
-- Name: auth_user_groups; Type: TABLE; Schema: public; Owner: sammy
--

CREATE TABLE public.auth_user_groups (
    id bigint NOT NULL,
    user_id integer NOT NULL,
    group_id integer NOT NULL
);


ALTER TABLE public.auth_user_groups OWNER TO sammy;

--
-- Name: auth_user_groups_id_seq; Type: SEQUENCE; Schema: public; Owner: sammy
--

ALTER TABLE public.auth_user_groups ALTER COLUMN id ADD GENERATED BY DEFAULT AS IDENTITY (
    SEQUENCE NAME public.auth_user_groups_id_seq
    START WITH 1
    INCREMENT BY 1
    NO MINVALUE
    NO MAXVALUE
    CACHE 1
);


--
-- Name: auth_user_id_seq; Type: SEQUENCE; Schema: public; Owner: sammy
--

ALTER TABLE public.auth_user ALTER COLUMN id ADD GENERATED BY DEFAULT AS IDENTITY (
    SEQUENCE NAME public.auth_user_id_seq
    START WITH 1
    INCREMENT BY 1
    NO MINVALUE
    NO MAXVALUE
    CACHE 1
);


--
-- Name: auth_user_user_permissions; Type: TABLE; Schema: public; Owner: sammy
--

CREATE TABLE public.auth_user_user_permissions (
    id bigint NOT NULL,
    user_id integer NOT NULL,
    permission_id integer NOT NULL
);


ALTER TABLE public.auth_user_user_permissions OWNER TO sammy;

--
-- Name: auth_user_user_permissions_id_seq; Type: SEQUENCE; Schema: public; Owner: sammy
--

ALTER TABLE public.auth_user_user_permissions ALTER COLUMN id ADD GENERATED BY DEFAULT AS IDENTITY (
    SEQUENCE NAME public.auth_user_user_permissions_id_seq
    START WITH 1
    INCREMENT BY 1
    NO MINVALUE
    NO MAXVALUE
    CACHE 1
);


--
-- Name: django_admin_log; Type: TABLE; Schema: public; Owner: sammy
--

CREATE TABLE public.django_admin_log (
    id integer NOT NULL,
    action_time timestamp with time zone NOT NULL,
    object_id text,
    object_repr character varying(200) NOT NULL,
    action_flag smallint NOT NULL,
    change_message text NOT NULL,
    content_type_id integer,
    user_id integer NOT NULL,
    CONSTRAINT django_admin_log_action_flag_check CHECK ((action_flag >= 0))
);


ALTER TABLE public.django_admin_log OWNER TO sammy;

--
-- Name: django_admin_log_id_seq; Type: SEQUENCE; Schema: public; Owner: sammy
--

ALTER TABLE public.django_admin_log ALTER COLUMN id ADD GENERATED BY DEFAULT AS IDENTITY (
    SEQUENCE NAME public.django_admin_log_id_seq
    START WITH 1
    INCREMENT BY 1
    NO MINVALUE
    NO MAXVALUE
    CACHE 1
);


--
-- Name: django_content_type; Type: TABLE; Schema: public; Owner: sammy
--

CREATE TABLE public.django_content_type (
    id integer NOT NULL,
    app_label character varying(100) NOT NULL,
    model character varying(100) NOT NULL
);


ALTER TABLE public.django_content_type OWNER TO sammy;

--
-- Name: django_content_type_id_seq; Type: SEQUENCE; Schema: public; Owner: sammy
--

ALTER TABLE public.django_content_type ALTER COLUMN id ADD GENERATED BY DEFAULT AS IDENTITY (
    SEQUENCE NAME public.django_content_type_id_seq
    START WITH 1
    INCREMENT BY 1
    NO MINVALUE
    NO MAXVALUE
    CACHE 1
);


--
-- Name: django_migrations; Type: TABLE; Schema: public; Owner: sammy
--

CREATE TABLE public.django_migrations (
    id bigint NOT NULL,
    app character varying(255) NOT NULL,
    name character varying(255) NOT NULL,
    applied timestamp with time zone NOT NULL
);


ALTER TABLE public.django_migrations OWNER TO sammy;

--
-- Name: django_migrations_id_seq; Type: SEQUENCE; Schema: public; Owner: sammy
--

ALTER TABLE public.django_migrations ALTER COLUMN id ADD GENERATED BY DEFAULT AS IDENTITY (
    SEQUENCE NAME public.django_migrations_id_seq
    START WITH 1
    INCREMENT BY 1
    NO MINVALUE
    NO MAXVALUE
    CACHE 1
);


--
-- Name: django_session; Type: TABLE; Schema: public; Owner: sammy
--

CREATE TABLE public.django_session (
    session_key character varying(40) NOT NULL,
    session_data text NOT NULL,
    expire_date timestamp with time zone NOT NULL
);


ALTER TABLE public.django_session OWNER TO sammy;

--
-- Name: mainApp_applience; Type: TABLE; Schema: public; Owner: sammy
--

CREATE TABLE public."mainApp_applience" (
    applience integer NOT NULL,
    name character varying(30) NOT NULL,
    resource character varying(30) NOT NULL,
    coast double precision,
    manafacture character varying(30) NOT NULL
);


ALTER TABLE public."mainApp_applience" OWNER TO sammy;

--
-- Name: mainApp_applience_applience_seq; Type: SEQUENCE; Schema: public; Owner: sammy
--

ALTER TABLE public."mainApp_applience" ALTER COLUMN applience ADD GENERATED BY DEFAULT AS IDENTITY (
    SEQUENCE NAME public."mainApp_applience_applience_seq"
    START WITH 1
    INCREMENT BY 1
    NO MINVALUE
    NO MAXVALUE
    CACHE 1
);


--
-- Name: mainApp_client; Type: TABLE; Schema: public; Owner: sammy
--

CREATE TABLE public."mainApp_client" (
    client integer NOT NULL,
    name character varying(30) NOT NULL,
    last_name character varying(30) NOT NULL,
    contact character varying(12) NOT NULL,
    address character varying(30)
);


ALTER TABLE public."mainApp_client" OWNER TO sammy;

--
-- Name: mainApp_client_client_seq; Type: SEQUENCE; Schema: public; Owner: sammy
--

ALTER TABLE public."mainApp_client" ALTER COLUMN client ADD GENERATED BY DEFAULT AS IDENTITY (
    SEQUENCE NAME public."mainApp_client_client_seq"
    START WITH 1
    INCREMENT BY 1
    NO MINVALUE
    NO MAXVALUE
    CACHE 1
);


--
-- Name: mainApp_contragent; Type: TABLE; Schema: public; Owner: sammy
--

CREATE TABLE public."mainApp_contragent" (
    "contrAgent" integer NOT NULL,
    name character varying(30) NOT NULL,
    remainder double precision NOT NULL,
    client_id integer NOT NULL,
    provider_id integer NOT NULL
);


ALTER TABLE public."mainApp_contragent" OWNER TO sammy;

--
-- Name: mainApp_contragent_contrAgent_seq; Type: SEQUENCE; Schema: public; Owner: sammy
--

ALTER TABLE public."mainApp_contragent" ALTER COLUMN "contrAgent" ADD GENERATED BY DEFAULT AS IDENTITY (
    SEQUENCE NAME public."mainApp_contragent_contrAgent_seq"
    START WITH 1
    INCREMENT BY 1
    NO MINVALUE
    NO MAXVALUE
    CACHE 1
);


--
-- Name: mainApp_product; Type: TABLE; Schema: public; Owner: sammy
--

CREATE TABLE public."mainApp_product" (
    product integer NOT NULL,
    name character varying(30) NOT NULL,
    cost double precision,
    amount integer,
    aplience_id integer,
    resource_id integer
);


ALTER TABLE public."mainApp_product" OWNER TO sammy;

--
-- Name: mainApp_product_product_seq; Type: SEQUENCE; Schema: public; Owner: sammy
--

ALTER TABLE public."mainApp_product" ALTER COLUMN product ADD GENERATED BY DEFAULT AS IDENTITY (
    SEQUENCE NAME public."mainApp_product_product_seq"
    START WITH 1
    INCREMENT BY 1
    NO MINVALUE
    NO MAXVALUE
    CACHE 1
);


--
-- Name: mainApp_provider; Type: TABLE; Schema: public; Owner: sammy
--

CREATE TABLE public."mainApp_provider" (
    provider integer NOT NULL,
    name character varying(30) NOT NULL,
    contact character varying(12) NOT NULL,
    address character varying(30),
    "Product_id" integer
);


ALTER TABLE public."mainApp_provider" OWNER TO sammy;

--
-- Name: mainApp_provider_provider_seq; Type: SEQUENCE; Schema: public; Owner: sammy
--

ALTER TABLE public."mainApp_provider" ALTER COLUMN provider ADD GENERATED BY DEFAULT AS IDENTITY (
    SEQUENCE NAME public."mainApp_provider_provider_seq"
    START WITH 1
    INCREMENT BY 1
    NO MINVALUE
    NO MAXVALUE
    CACHE 1
);


--
-- Name: mainApp_resources; Type: TABLE; Schema: public; Owner: sammy
--

CREATE TABLE public."mainApp_resources" (
    resouces integer NOT NULL,
    name character varying(30) NOT NULL,
    cost_per_tonna double precision
);


ALTER TABLE public."mainApp_resources" OWNER TO sammy;

--
-- Name: mainApp_resources_resouces_seq; Type: SEQUENCE; Schema: public; Owner: sammy
--

ALTER TABLE public."mainApp_resources" ALTER COLUMN resouces ADD GENERATED BY DEFAULT AS IDENTITY (
    SEQUENCE NAME public."mainApp_resources_resouces_seq"
    START WITH 1
    INCREMENT BY 1
    NO MINVALUE
    NO MAXVALUE
    CACHE 1
);


--
-- Data for Name: auth_group; Type: TABLE DATA; Schema: public; Owner: sammy
--

COPY public.auth_group (id, name) FROM stdin;
\.


--
-- Data for Name: auth_group_permissions; Type: TABLE DATA; Schema: public; Owner: sammy
--

COPY public.auth_group_permissions (id, group_id, permission_id) FROM stdin;
\.


--
-- Data for Name: auth_permission; Type: TABLE DATA; Schema: public; Owner: sammy
--

COPY public.auth_permission (id, name, content_type_id, codename) FROM stdin;
1	Can add log entry	1	add_logentry
2	Can change log entry	1	change_logentry
3	Can delete log entry	1	delete_logentry
4	Can view log entry	1	view_logentry
5	Can add permission	2	add_permission
6	Can change permission	2	change_permission
7	Can delete permission	2	delete_permission
8	Can view permission	2	view_permission
9	Can add group	3	add_group
10	Can change group	3	change_group
11	Can delete group	3	delete_group
12	Can view group	3	view_group
13	Can add user	4	add_user
14	Can change user	4	change_user
15	Can delete user	4	delete_user
16	Can view user	4	view_user
17	Can add content type	5	add_contenttype
18	Can change content type	5	change_contenttype
19	Can delete content type	5	delete_contenttype
20	Can view content type	5	view_contenttype
21	Can add session	6	add_session
22	Can change session	6	change_session
23	Can delete session	6	delete_session
24	Can view session	6	view_session
25	Can add данные о оборудовании	7	add_applience
26	Can change данные о оборудовании	7	change_applience
27	Can delete данные о оборудовании	7	delete_applience
28	Can view данные о оборудовании	7	view_applience
29	Can add данные о клиентах	8	add_client
30	Can change данные о клиентах	8	change_client
31	Can delete данные о клиентах	8	delete_client
32	Can view данные о клиентах	8	view_client
33	Can add данные о продукции	9	add_product
34	Can change данные о продукции	9	change_product
35	Can delete данные о продукции	9	delete_product
36	Can view данные о продукции	9	view_product
37	Can add данные о поставщиках	10	add_provider
38	Can change данные о поставщиках	10	change_provider
39	Can delete данные о поставщиках	10	delete_provider
40	Can view данные о поставщиках	10	view_provider
41	Can add данные о ресурсах	11	add_resources
42	Can change данные о ресурсах	11	change_resources
43	Can delete данные о ресурсах	11	delete_resources
44	Can view данные о ресурсах	11	view_resources
45	Can add данные о контрагентах	12	add_contragent
46	Can change данные о контрагентах	12	change_contragent
47	Can delete данные о контрагентах	12	delete_contragent
48	Can view данные о контрагентах	12	view_contragent
\.


--
-- Data for Name: auth_user; Type: TABLE DATA; Schema: public; Owner: sammy
--

COPY public.auth_user (id, password, last_login, is_superuser, username, first_name, last_name, email, is_staff, is_active, date_joined) FROM stdin;
1	pbkdf2_sha256$390000$WnM21mXM44zvqIWqsKstJp$b3xoUdP4FY6stWH7wnwdwoFt+QfWDQewoGTJ2F80KBk=	2023-01-09 22:25:38.630343+00	t	root				t	t	2023-01-09 22:24:35.380606+00
\.


--
-- Data for Name: auth_user_groups; Type: TABLE DATA; Schema: public; Owner: sammy
--

COPY public.auth_user_groups (id, user_id, group_id) FROM stdin;
\.


--
-- Data for Name: auth_user_user_permissions; Type: TABLE DATA; Schema: public; Owner: sammy
--

COPY public.auth_user_user_permissions (id, user_id, permission_id) FROM stdin;
\.


--
-- Data for Name: django_admin_log; Type: TABLE DATA; Schema: public; Owner: sammy
--

COPY public.django_admin_log (id, action_time, object_id, object_repr, action_flag, change_message, content_type_id, user_id) FROM stdin;
1	2023-01-10 01:07:12.356208+00	1	Алексей	1	[{"added": {}}]	10	1
2	2023-01-10 01:07:57.759379+00	2	Игорь	1	[{"added": {}}]	10	1
3	2023-01-10 01:08:18.593083+00	1	Алексей	2	[{"changed": {"fields": ["\\u041a\\u043e\\u043d\\u0442\\u0430\\u043a\\u0442\\u043d\\u0430\\u044f \\u0438\\u043d\\u0444\\u043e\\u0440\\u043c\\u0430\\u0446\\u0438\\u044f"]}}]	10	1
4	2023-01-10 19:12:09.30267+00	1	Евгений	1	[{"added": {}}]	8	1
5	2023-01-10 19:14:07.13825+00	2	Артемий	1	[{"added": {}}]	8	1
6	2023-01-10 19:14:35.857102+00	3	Герман	1	[{"added": {}}]	8	1
7	2023-01-10 19:18:01.848591+00	1	Инвотех	1	[{"added": {}}]	12	1
8	2023-01-10 19:19:07.228177+00	2	Салют+	1	[{"added": {}}]	12	1
9	2023-01-10 19:22:29.591504+00	1	СКФ-50/05	1	[{"added": {}}]	7	1
10	2023-01-10 19:23:07.660715+00	1	сталь ФТК 8,5тк	1	[{"added": {}}]	11	1
11	2023-01-10 19:23:12.286212+00	1	полки поперечные	1	[{"added": {}}]	9	1
12	2023-01-10 19:23:14.287241+00	3	Металлургический комбинат Зоря	1	[{"added": {}}]	10	1
13	2023-01-10 19:23:20.170101+00	3	АрпоБай	1	[{"added": {}}]	12	1
14	2023-01-10 19:24:20.135521+00	2	sapfir-700	1	[{"added": {}}]	7	1
15	2023-01-10 19:25:19.977216+00	3	AV-simp 62	1	[{"added": {}}]	7	1
16	2023-01-10 19:26:24.243495+00	2	листы прокатные	1	[{"added": {}}]	9	1
17	2023-01-10 19:27:28.570915+00	2	сталь КП/900	1	[{"added": {}}]	11	1
18	2023-01-10 19:28:05.527056+00	3	чугун ЛМ-754	1	[{"added": {}}]	11	1
\.


--
-- Data for Name: django_content_type; Type: TABLE DATA; Schema: public; Owner: sammy
--

COPY public.django_content_type (id, app_label, model) FROM stdin;
1	admin	logentry
2	auth	permission
3	auth	group
4	auth	user
5	contenttypes	contenttype
6	sessions	session
7	mainApp	applience
8	mainApp	client
9	mainApp	product
10	mainApp	provider
11	mainApp	resources
12	mainApp	contragent
\.


--
-- Data for Name: django_migrations; Type: TABLE DATA; Schema: public; Owner: sammy
--

COPY public.django_migrations (id, app, name, applied) FROM stdin;
1	contenttypes	0001_initial	2023-01-09 22:23:36.95232+00
2	auth	0001_initial	2023-01-09 22:23:37.322989+00
3	admin	0001_initial	2023-01-09 22:23:37.437097+00
4	admin	0002_logentry_remove_auto_add	2023-01-09 22:23:37.464154+00
5	admin	0003_logentry_add_action_flag_choices	2023-01-09 22:23:37.486384+00
6	contenttypes	0002_remove_content_type_name	2023-01-09 22:23:37.520983+00
7	auth	0002_alter_permission_name_max_length	2023-01-09 22:23:37.53485+00
8	auth	0003_alter_user_email_max_length	2023-01-09 22:23:37.548506+00
9	auth	0004_alter_user_username_opts	2023-01-09 22:23:37.563076+00
10	auth	0005_alter_user_last_login_null	2023-01-09 22:23:37.594662+00
11	auth	0006_require_contenttypes_0002	2023-01-09 22:23:37.611207+00
12	auth	0007_alter_validators_add_error_messages	2023-01-09 22:23:37.626163+00
13	auth	0008_alter_user_username_max_length	2023-01-09 22:23:37.661474+00
14	auth	0009_alter_user_last_name_max_length	2023-01-09 22:23:37.675895+00
15	auth	0010_alter_group_name_max_length	2023-01-09 22:23:37.692376+00
16	auth	0011_update_proxy_permissions	2023-01-09 22:23:37.705109+00
17	auth	0012_alter_user_first_name_max_length	2023-01-09 22:23:37.717369+00
18	mainApp	0001_initial	2023-01-09 22:23:38.062752+00
19	mainApp	0002_alter_applience_options_alter_client_options_and_more	2023-01-09 22:23:38.075965+00
20	mainApp	0003_alter_contragent_options_product_aplience_and_more	2023-01-09 22:23:38.156187+00
21	sessions	0001_initial	2023-01-09 22:23:38.229743+00
22	mainApp	0004_alter_applience_coast_alter_applience_manafacture_and_more	2023-01-10 19:10:55.770899+00
\.


--
-- Data for Name: django_session; Type: TABLE DATA; Schema: public; Owner: sammy
--

COPY public.django_session (session_key, session_data, expire_date) FROM stdin;
204ubte02ki9zmfcon4lh2y04lhtoez8	.eJxVjEEOwiAQRe_C2hAg0AGX7j0DYYZBqgaS0q6Md9cmXej2v_f-S8S0rTVug5c4Z3EWWpx-N0z04LaDfE_t1iX1ti4zyl2RBx3y2jM_L4f7d1DTqN8agK1RSmdOFCA5TwSeNEHBwkDGgM84TQxOOY_FKhWg-IBeYbYuGPH-AO9HN-w:1pF0aI:-Xr1PCW8RsHuK6vwUCBYiZnxqY0t9hhilz3_I7noshI	2023-01-23 22:25:38.643392+00
\.


--
-- Data for Name: mainApp_applience; Type: TABLE DATA; Schema: public; Owner: sammy
--

COPY public."mainApp_applience" (applience, name, resource, coast, manafacture) FROM stdin;
1	СКФ-50/05	плохое	0.7	arrkham
2	sapfir-700	хорошее	0.88	InTex
3	AV-simp 62	плохое	60	Hnaider inc.
\.


--
-- Data for Name: mainApp_client; Type: TABLE DATA; Schema: public; Owner: sammy
--

COPY public."mainApp_client" (client, name, last_name, contact, address) FROM stdin;
1	Евгений	Сипов	376484845545	пр. Я. Купалы 52/5
2	Артемий	Фольц	356455454545	ул. Самойлова 39
3	Герман	Уисборн	378545421215	\N
\.


--
-- Data for Name: mainApp_contragent; Type: TABLE DATA; Schema: public; Owner: sammy
--

COPY public."mainApp_contragent" ("contrAgent", name, remainder, client_id, provider_id) FROM stdin;
1	Инвотех	30	1	1
2	Салют+	0	3	2
3	АрпоБай	10	1	3
\.


--
-- Data for Name: mainApp_product; Type: TABLE DATA; Schema: public; Owner: sammy
--

COPY public."mainApp_product" (product, name, cost, amount, aplience_id, resource_id) FROM stdin;
1	полки поперечные	10	50	1	1
2	листы прокатные	80	400	2	1
\.


--
-- Data for Name: mainApp_provider; Type: TABLE DATA; Schema: public; Owner: sammy
--

COPY public."mainApp_provider" (provider, name, contact, address, "Product_id") FROM stdin;
2	Игорь	375285644787	\N	\N
1	Алексей	375256407998	\N	\N
3	Металлургический комбинат Зоря	356455454545	г. Могилев ул ГОБК 80	1
\.


--
-- Data for Name: mainApp_resources; Type: TABLE DATA; Schema: public; Owner: sammy
--

COPY public."mainApp_resources" (resouces, name, cost_per_tonna) FROM stdin;
1	сталь ФТК 8,5тк	500
2	сталь КП/900	60
3	чугун ЛМ-754	200
\.


--
-- Name: auth_group_id_seq; Type: SEQUENCE SET; Schema: public; Owner: sammy
--

SELECT pg_catalog.setval('public.auth_group_id_seq', 1, false);


--
-- Name: auth_group_permissions_id_seq; Type: SEQUENCE SET; Schema: public; Owner: sammy
--

SELECT pg_catalog.setval('public.auth_group_permissions_id_seq', 1, false);


--
-- Name: auth_permission_id_seq; Type: SEQUENCE SET; Schema: public; Owner: sammy
--

SELECT pg_catalog.setval('public.auth_permission_id_seq', 48, true);


--
-- Name: auth_user_groups_id_seq; Type: SEQUENCE SET; Schema: public; Owner: sammy
--

SELECT pg_catalog.setval('public.auth_user_groups_id_seq', 1, false);


--
-- Name: auth_user_id_seq; Type: SEQUENCE SET; Schema: public; Owner: sammy
--

SELECT pg_catalog.setval('public.auth_user_id_seq', 1, true);


--
-- Name: auth_user_user_permissions_id_seq; Type: SEQUENCE SET; Schema: public; Owner: sammy
--

SELECT pg_catalog.setval('public.auth_user_user_permissions_id_seq', 1, false);


--
-- Name: django_admin_log_id_seq; Type: SEQUENCE SET; Schema: public; Owner: sammy
--

SELECT pg_catalog.setval('public.django_admin_log_id_seq', 18, true);


--
-- Name: django_content_type_id_seq; Type: SEQUENCE SET; Schema: public; Owner: sammy
--

SELECT pg_catalog.setval('public.django_content_type_id_seq', 12, true);


--
-- Name: django_migrations_id_seq; Type: SEQUENCE SET; Schema: public; Owner: sammy
--

SELECT pg_catalog.setval('public.django_migrations_id_seq', 22, true);


--
-- Name: mainApp_applience_applience_seq; Type: SEQUENCE SET; Schema: public; Owner: sammy
--

SELECT pg_catalog.setval('public."mainApp_applience_applience_seq"', 3, true);


--
-- Name: mainApp_client_client_seq; Type: SEQUENCE SET; Schema: public; Owner: sammy
--

SELECT pg_catalog.setval('public."mainApp_client_client_seq"', 3, true);


--
-- Name: mainApp_contragent_contrAgent_seq; Type: SEQUENCE SET; Schema: public; Owner: sammy
--

SELECT pg_catalog.setval('public."mainApp_contragent_contrAgent_seq"', 3, true);


--
-- Name: mainApp_product_product_seq; Type: SEQUENCE SET; Schema: public; Owner: sammy
--

SELECT pg_catalog.setval('public."mainApp_product_product_seq"', 2, true);


--
-- Name: mainApp_provider_provider_seq; Type: SEQUENCE SET; Schema: public; Owner: sammy
--

SELECT pg_catalog.setval('public."mainApp_provider_provider_seq"', 3, true);


--
-- Name: mainApp_resources_resouces_seq; Type: SEQUENCE SET; Schema: public; Owner: sammy
--

SELECT pg_catalog.setval('public."mainApp_resources_resouces_seq"', 3, true);


--
-- Name: auth_group auth_group_name_key; Type: CONSTRAINT; Schema: public; Owner: sammy
--

ALTER TABLE ONLY public.auth_group
    ADD CONSTRAINT auth_group_name_key UNIQUE (name);


--
-- Name: auth_group_permissions auth_group_permissions_group_id_permission_id_0cd325b0_uniq; Type: CONSTRAINT; Schema: public; Owner: sammy
--

ALTER TABLE ONLY public.auth_group_permissions
    ADD CONSTRAINT auth_group_permissions_group_id_permission_id_0cd325b0_uniq UNIQUE (group_id, permission_id);


--
-- Name: auth_group_permissions auth_group_permissions_pkey; Type: CONSTRAINT; Schema: public; Owner: sammy
--

ALTER TABLE ONLY public.auth_group_permissions
    ADD CONSTRAINT auth_group_permissions_pkey PRIMARY KEY (id);


--
-- Name: auth_group auth_group_pkey; Type: CONSTRAINT; Schema: public; Owner: sammy
--

ALTER TABLE ONLY public.auth_group
    ADD CONSTRAINT auth_group_pkey PRIMARY KEY (id);


--
-- Name: auth_permission auth_permission_content_type_id_codename_01ab375a_uniq; Type: CONSTRAINT; Schema: public; Owner: sammy
--

ALTER TABLE ONLY public.auth_permission
    ADD CONSTRAINT auth_permission_content_type_id_codename_01ab375a_uniq UNIQUE (content_type_id, codename);


--
-- Name: auth_permission auth_permission_pkey; Type: CONSTRAINT; Schema: public; Owner: sammy
--

ALTER TABLE ONLY public.auth_permission
    ADD CONSTRAINT auth_permission_pkey PRIMARY KEY (id);


--
-- Name: auth_user_groups auth_user_groups_pkey; Type: CONSTRAINT; Schema: public; Owner: sammy
--

ALTER TABLE ONLY public.auth_user_groups
    ADD CONSTRAINT auth_user_groups_pkey PRIMARY KEY (id);


--
-- Name: auth_user_groups auth_user_groups_user_id_group_id_94350c0c_uniq; Type: CONSTRAINT; Schema: public; Owner: sammy
--

ALTER TABLE ONLY public.auth_user_groups
    ADD CONSTRAINT auth_user_groups_user_id_group_id_94350c0c_uniq UNIQUE (user_id, group_id);


--
-- Name: auth_user auth_user_pkey; Type: CONSTRAINT; Schema: public; Owner: sammy
--

ALTER TABLE ONLY public.auth_user
    ADD CONSTRAINT auth_user_pkey PRIMARY KEY (id);


--
-- Name: auth_user_user_permissions auth_user_user_permissions_pkey; Type: CONSTRAINT; Schema: public; Owner: sammy
--

ALTER TABLE ONLY public.auth_user_user_permissions
    ADD CONSTRAINT auth_user_user_permissions_pkey PRIMARY KEY (id);


--
-- Name: auth_user_user_permissions auth_user_user_permissions_user_id_permission_id_14a6b632_uniq; Type: CONSTRAINT; Schema: public; Owner: sammy
--

ALTER TABLE ONLY public.auth_user_user_permissions
    ADD CONSTRAINT auth_user_user_permissions_user_id_permission_id_14a6b632_uniq UNIQUE (user_id, permission_id);


--
-- Name: auth_user auth_user_username_key; Type: CONSTRAINT; Schema: public; Owner: sammy
--

ALTER TABLE ONLY public.auth_user
    ADD CONSTRAINT auth_user_username_key UNIQUE (username);


--
-- Name: django_admin_log django_admin_log_pkey; Type: CONSTRAINT; Schema: public; Owner: sammy
--

ALTER TABLE ONLY public.django_admin_log
    ADD CONSTRAINT django_admin_log_pkey PRIMARY KEY (id);


--
-- Name: django_content_type django_content_type_app_label_model_76bd3d3b_uniq; Type: CONSTRAINT; Schema: public; Owner: sammy
--

ALTER TABLE ONLY public.django_content_type
    ADD CONSTRAINT django_content_type_app_label_model_76bd3d3b_uniq UNIQUE (app_label, model);


--
-- Name: django_content_type django_content_type_pkey; Type: CONSTRAINT; Schema: public; Owner: sammy
--

ALTER TABLE ONLY public.django_content_type
    ADD CONSTRAINT django_content_type_pkey PRIMARY KEY (id);


--
-- Name: django_migrations django_migrations_pkey; Type: CONSTRAINT; Schema: public; Owner: sammy
--

ALTER TABLE ONLY public.django_migrations
    ADD CONSTRAINT django_migrations_pkey PRIMARY KEY (id);


--
-- Name: django_session django_session_pkey; Type: CONSTRAINT; Schema: public; Owner: sammy
--

ALTER TABLE ONLY public.django_session
    ADD CONSTRAINT django_session_pkey PRIMARY KEY (session_key);


--
-- Name: mainApp_applience mainApp_applience_name_key; Type: CONSTRAINT; Schema: public; Owner: sammy
--

ALTER TABLE ONLY public."mainApp_applience"
    ADD CONSTRAINT "mainApp_applience_name_key" UNIQUE (name);


--
-- Name: mainApp_applience mainApp_applience_pkey; Type: CONSTRAINT; Schema: public; Owner: sammy
--

ALTER TABLE ONLY public."mainApp_applience"
    ADD CONSTRAINT "mainApp_applience_pkey" PRIMARY KEY (applience);


--
-- Name: mainApp_client mainApp_client_last_name_key; Type: CONSTRAINT; Schema: public; Owner: sammy
--

ALTER TABLE ONLY public."mainApp_client"
    ADD CONSTRAINT "mainApp_client_last_name_key" UNIQUE (last_name);


--
-- Name: mainApp_client mainApp_client_name_key; Type: CONSTRAINT; Schema: public; Owner: sammy
--

ALTER TABLE ONLY public."mainApp_client"
    ADD CONSTRAINT "mainApp_client_name_key" UNIQUE (name);


--
-- Name: mainApp_client mainApp_client_pkey; Type: CONSTRAINT; Schema: public; Owner: sammy
--

ALTER TABLE ONLY public."mainApp_client"
    ADD CONSTRAINT "mainApp_client_pkey" PRIMARY KEY (client);


--
-- Name: mainApp_contragent mainApp_contragent_name_key; Type: CONSTRAINT; Schema: public; Owner: sammy
--

ALTER TABLE ONLY public."mainApp_contragent"
    ADD CONSTRAINT "mainApp_contragent_name_key" UNIQUE (name);


--
-- Name: mainApp_contragent mainApp_contragent_pkey; Type: CONSTRAINT; Schema: public; Owner: sammy
--

ALTER TABLE ONLY public."mainApp_contragent"
    ADD CONSTRAINT "mainApp_contragent_pkey" PRIMARY KEY ("contrAgent");


--
-- Name: mainApp_product mainApp_product_name_key; Type: CONSTRAINT; Schema: public; Owner: sammy
--

ALTER TABLE ONLY public."mainApp_product"
    ADD CONSTRAINT "mainApp_product_name_key" UNIQUE (name);


--
-- Name: mainApp_product mainApp_product_pkey; Type: CONSTRAINT; Schema: public; Owner: sammy
--

ALTER TABLE ONLY public."mainApp_product"
    ADD CONSTRAINT "mainApp_product_pkey" PRIMARY KEY (product);


--
-- Name: mainApp_provider mainApp_provider_name_key; Type: CONSTRAINT; Schema: public; Owner: sammy
--

ALTER TABLE ONLY public."mainApp_provider"
    ADD CONSTRAINT "mainApp_provider_name_key" UNIQUE (name);


--
-- Name: mainApp_provider mainApp_provider_pkey; Type: CONSTRAINT; Schema: public; Owner: sammy
--

ALTER TABLE ONLY public."mainApp_provider"
    ADD CONSTRAINT "mainApp_provider_pkey" PRIMARY KEY (provider);


--
-- Name: mainApp_resources mainApp_resources_name_key; Type: CONSTRAINT; Schema: public; Owner: sammy
--

ALTER TABLE ONLY public."mainApp_resources"
    ADD CONSTRAINT "mainApp_resources_name_key" UNIQUE (name);


--
-- Name: mainApp_resources mainApp_resources_pkey; Type: CONSTRAINT; Schema: public; Owner: sammy
--

ALTER TABLE ONLY public."mainApp_resources"
    ADD CONSTRAINT "mainApp_resources_pkey" PRIMARY KEY (resouces);


--
-- Name: auth_group_name_a6ea08ec_like; Type: INDEX; Schema: public; Owner: sammy
--

CREATE INDEX auth_group_name_a6ea08ec_like ON public.auth_group USING btree (name varchar_pattern_ops);


--
-- Name: auth_group_permissions_group_id_b120cbf9; Type: INDEX; Schema: public; Owner: sammy
--

CREATE INDEX auth_group_permissions_group_id_b120cbf9 ON public.auth_group_permissions USING btree (group_id);


--
-- Name: auth_group_permissions_permission_id_84c5c92e; Type: INDEX; Schema: public; Owner: sammy
--

CREATE INDEX auth_group_permissions_permission_id_84c5c92e ON public.auth_group_permissions USING btree (permission_id);


--
-- Name: auth_permission_content_type_id_2f476e4b; Type: INDEX; Schema: public; Owner: sammy
--

CREATE INDEX auth_permission_content_type_id_2f476e4b ON public.auth_permission USING btree (content_type_id);


--
-- Name: auth_user_groups_group_id_97559544; Type: INDEX; Schema: public; Owner: sammy
--

CREATE INDEX auth_user_groups_group_id_97559544 ON public.auth_user_groups USING btree (group_id);


--
-- Name: auth_user_groups_user_id_6a12ed8b; Type: INDEX; Schema: public; Owner: sammy
--

CREATE INDEX auth_user_groups_user_id_6a12ed8b ON public.auth_user_groups USING btree (user_id);


--
-- Name: auth_user_user_permissions_permission_id_1fbb5f2c; Type: INDEX; Schema: public; Owner: sammy
--

CREATE INDEX auth_user_user_permissions_permission_id_1fbb5f2c ON public.auth_user_user_permissions USING btree (permission_id);


--
-- Name: auth_user_user_permissions_user_id_a95ead1b; Type: INDEX; Schema: public; Owner: sammy
--

CREATE INDEX auth_user_user_permissions_user_id_a95ead1b ON public.auth_user_user_permissions USING btree (user_id);


--
-- Name: auth_user_username_6821ab7c_like; Type: INDEX; Schema: public; Owner: sammy
--

CREATE INDEX auth_user_username_6821ab7c_like ON public.auth_user USING btree (username varchar_pattern_ops);


--
-- Name: django_admin_log_content_type_id_c4bce8eb; Type: INDEX; Schema: public; Owner: sammy
--

CREATE INDEX django_admin_log_content_type_id_c4bce8eb ON public.django_admin_log USING btree (content_type_id);


--
-- Name: django_admin_log_user_id_c564eba6; Type: INDEX; Schema: public; Owner: sammy
--

CREATE INDEX django_admin_log_user_id_c564eba6 ON public.django_admin_log USING btree (user_id);


--
-- Name: django_session_expire_date_a5c62663; Type: INDEX; Schema: public; Owner: sammy
--

CREATE INDEX django_session_expire_date_a5c62663 ON public.django_session USING btree (expire_date);


--
-- Name: django_session_session_key_c0390e0f_like; Type: INDEX; Schema: public; Owner: sammy
--

CREATE INDEX django_session_session_key_c0390e0f_like ON public.django_session USING btree (session_key varchar_pattern_ops);


--
-- Name: mainApp_applience_name_133dcf3f_like; Type: INDEX; Schema: public; Owner: sammy
--

CREATE INDEX "mainApp_applience_name_133dcf3f_like" ON public."mainApp_applience" USING btree (name varchar_pattern_ops);


--
-- Name: mainApp_client_last_name_15de6f37_like; Type: INDEX; Schema: public; Owner: sammy
--

CREATE INDEX "mainApp_client_last_name_15de6f37_like" ON public."mainApp_client" USING btree (last_name varchar_pattern_ops);


--
-- Name: mainApp_client_name_f9895107_like; Type: INDEX; Schema: public; Owner: sammy
--

CREATE INDEX "mainApp_client_name_f9895107_like" ON public."mainApp_client" USING btree (name varchar_pattern_ops);


--
-- Name: mainApp_contragent_client_id_d11ff88e; Type: INDEX; Schema: public; Owner: sammy
--

CREATE INDEX "mainApp_contragent_client_id_d11ff88e" ON public."mainApp_contragent" USING btree (client_id);


--
-- Name: mainApp_contragent_name_47e80e23_like; Type: INDEX; Schema: public; Owner: sammy
--

CREATE INDEX "mainApp_contragent_name_47e80e23_like" ON public."mainApp_contragent" USING btree (name varchar_pattern_ops);


--
-- Name: mainApp_contragent_provider_id_24712984; Type: INDEX; Schema: public; Owner: sammy
--

CREATE INDEX "mainApp_contragent_provider_id_24712984" ON public."mainApp_contragent" USING btree (provider_id);


--
-- Name: mainApp_product_aplience_id_bc1c28f4; Type: INDEX; Schema: public; Owner: sammy
--

CREATE INDEX "mainApp_product_aplience_id_bc1c28f4" ON public."mainApp_product" USING btree (aplience_id);


--
-- Name: mainApp_product_name_522c361c_like; Type: INDEX; Schema: public; Owner: sammy
--

CREATE INDEX "mainApp_product_name_522c361c_like" ON public."mainApp_product" USING btree (name varchar_pattern_ops);


--
-- Name: mainApp_product_resource_id_26f32c15; Type: INDEX; Schema: public; Owner: sammy
--

CREATE INDEX "mainApp_product_resource_id_26f32c15" ON public."mainApp_product" USING btree (resource_id);


--
-- Name: mainApp_provider_Product_id_b32b8159; Type: INDEX; Schema: public; Owner: sammy
--

CREATE INDEX "mainApp_provider_Product_id_b32b8159" ON public."mainApp_provider" USING btree ("Product_id");


--
-- Name: mainApp_provider_name_38481ab8_like; Type: INDEX; Schema: public; Owner: sammy
--

CREATE INDEX "mainApp_provider_name_38481ab8_like" ON public."mainApp_provider" USING btree (name varchar_pattern_ops);


--
-- Name: mainApp_resources_name_326855cc_like; Type: INDEX; Schema: public; Owner: sammy
--

CREATE INDEX "mainApp_resources_name_326855cc_like" ON public."mainApp_resources" USING btree (name varchar_pattern_ops);


--
-- Name: auth_group_permissions auth_group_permissio_permission_id_84c5c92e_fk_auth_perm; Type: FK CONSTRAINT; Schema: public; Owner: sammy
--

ALTER TABLE ONLY public.auth_group_permissions
    ADD CONSTRAINT auth_group_permissio_permission_id_84c5c92e_fk_auth_perm FOREIGN KEY (permission_id) REFERENCES public.auth_permission(id) DEFERRABLE INITIALLY DEFERRED;


--
-- Name: auth_group_permissions auth_group_permissions_group_id_b120cbf9_fk_auth_group_id; Type: FK CONSTRAINT; Schema: public; Owner: sammy
--

ALTER TABLE ONLY public.auth_group_permissions
    ADD CONSTRAINT auth_group_permissions_group_id_b120cbf9_fk_auth_group_id FOREIGN KEY (group_id) REFERENCES public.auth_group(id) DEFERRABLE INITIALLY DEFERRED;


--
-- Name: auth_permission auth_permission_content_type_id_2f476e4b_fk_django_co; Type: FK CONSTRAINT; Schema: public; Owner: sammy
--

ALTER TABLE ONLY public.auth_permission
    ADD CONSTRAINT auth_permission_content_type_id_2f476e4b_fk_django_co FOREIGN KEY (content_type_id) REFERENCES public.django_content_type(id) DEFERRABLE INITIALLY DEFERRED;


--
-- Name: auth_user_groups auth_user_groups_group_id_97559544_fk_auth_group_id; Type: FK CONSTRAINT; Schema: public; Owner: sammy
--

ALTER TABLE ONLY public.auth_user_groups
    ADD CONSTRAINT auth_user_groups_group_id_97559544_fk_auth_group_id FOREIGN KEY (group_id) REFERENCES public.auth_group(id) DEFERRABLE INITIALLY DEFERRED;


--
-- Name: auth_user_groups auth_user_groups_user_id_6a12ed8b_fk_auth_user_id; Type: FK CONSTRAINT; Schema: public; Owner: sammy
--

ALTER TABLE ONLY public.auth_user_groups
    ADD CONSTRAINT auth_user_groups_user_id_6a12ed8b_fk_auth_user_id FOREIGN KEY (user_id) REFERENCES public.auth_user(id) DEFERRABLE INITIALLY DEFERRED;


--
-- Name: auth_user_user_permissions auth_user_user_permi_permission_id_1fbb5f2c_fk_auth_perm; Type: FK CONSTRAINT; Schema: public; Owner: sammy
--

ALTER TABLE ONLY public.auth_user_user_permissions
    ADD CONSTRAINT auth_user_user_permi_permission_id_1fbb5f2c_fk_auth_perm FOREIGN KEY (permission_id) REFERENCES public.auth_permission(id) DEFERRABLE INITIALLY DEFERRED;


--
-- Name: auth_user_user_permissions auth_user_user_permissions_user_id_a95ead1b_fk_auth_user_id; Type: FK CONSTRAINT; Schema: public; Owner: sammy
--

ALTER TABLE ONLY public.auth_user_user_permissions
    ADD CONSTRAINT auth_user_user_permissions_user_id_a95ead1b_fk_auth_user_id FOREIGN KEY (user_id) REFERENCES public.auth_user(id) DEFERRABLE INITIALLY DEFERRED;


--
-- Name: django_admin_log django_admin_log_content_type_id_c4bce8eb_fk_django_co; Type: FK CONSTRAINT; Schema: public; Owner: sammy
--

ALTER TABLE ONLY public.django_admin_log
    ADD CONSTRAINT django_admin_log_content_type_id_c4bce8eb_fk_django_co FOREIGN KEY (content_type_id) REFERENCES public.django_content_type(id) DEFERRABLE INITIALLY DEFERRED;


--
-- Name: django_admin_log django_admin_log_user_id_c564eba6_fk_auth_user_id; Type: FK CONSTRAINT; Schema: public; Owner: sammy
--

ALTER TABLE ONLY public.django_admin_log
    ADD CONSTRAINT django_admin_log_user_id_c564eba6_fk_auth_user_id FOREIGN KEY (user_id) REFERENCES public.auth_user(id) DEFERRABLE INITIALLY DEFERRED;


--
-- Name: mainApp_contragent mainApp_contragent_client_id_d11ff88e_fk_mainApp_client_client; Type: FK CONSTRAINT; Schema: public; Owner: sammy
--

ALTER TABLE ONLY public."mainApp_contragent"
    ADD CONSTRAINT "mainApp_contragent_client_id_d11ff88e_fk_mainApp_client_client" FOREIGN KEY (client_id) REFERENCES public."mainApp_client"(client) DEFERRABLE INITIALLY DEFERRED;


--
-- Name: mainApp_contragent mainApp_contragent_provider_id_24712984_fk_mainApp_p; Type: FK CONSTRAINT; Schema: public; Owner: sammy
--

ALTER TABLE ONLY public."mainApp_contragent"
    ADD CONSTRAINT "mainApp_contragent_provider_id_24712984_fk_mainApp_p" FOREIGN KEY (provider_id) REFERENCES public."mainApp_provider"(provider) DEFERRABLE INITIALLY DEFERRED;


--
-- Name: mainApp_product mainApp_product_aplience_id_bc1c28f4_fk_mainApp_a; Type: FK CONSTRAINT; Schema: public; Owner: sammy
--

ALTER TABLE ONLY public."mainApp_product"
    ADD CONSTRAINT "mainApp_product_aplience_id_bc1c28f4_fk_mainApp_a" FOREIGN KEY (aplience_id) REFERENCES public."mainApp_applience"(applience) DEFERRABLE INITIALLY DEFERRED;


--
-- Name: mainApp_product mainApp_product_resource_id_26f32c15_fk_mainApp_r; Type: FK CONSTRAINT; Schema: public; Owner: sammy
--

ALTER TABLE ONLY public."mainApp_product"
    ADD CONSTRAINT "mainApp_product_resource_id_26f32c15_fk_mainApp_r" FOREIGN KEY (resource_id) REFERENCES public."mainApp_resources"(resouces) DEFERRABLE INITIALLY DEFERRED;


--
-- Name: mainApp_provider mainApp_provider_Product_id_b32b8159_fk_mainApp_product_product; Type: FK CONSTRAINT; Schema: public; Owner: sammy
--

ALTER TABLE ONLY public."mainApp_provider"
    ADD CONSTRAINT "mainApp_provider_Product_id_b32b8159_fk_mainApp_product_product" FOREIGN KEY ("Product_id") REFERENCES public."mainApp_product"(product) DEFERRABLE INITIALLY DEFERRED;


--
-- PostgreSQL database dump complete
--

